{"cameraMode":{"drawMode":0,"name":"Shaded","section":"Shading Mode"},"sceneLighting":false,"audioPlay":false,"sceneViewState":{"showFog":true,"showMaterialUpdate":false,"showSkybox":false,"showFlares":true,"showImageEffects":true,"showParticleSystems":true},"in2DMode":false,"pivot":{"x":-0.3450000286102295,"y":4.571000099182129,"z":0.07335788011550904},"rotation":{"x":-0.0030163100454956295,"y":0.9816307425498962,"z":-0.19020992517471314,"w":-0.015600179322063923},"size":0.8660253882408142,"orthographic":false}