{"cameraMode":{"drawMode":0,"name":"Shaded","section":"Shading Mode"},"sceneLighting":true,"audioPlay":false,"sceneViewState":{"showFog":true,"showMaterialUpdate":false,"showSkybox":true,"showFlares":true,"showImageEffects":true,"showParticleSystems":true},"in2DMode":false,"pivot":{"x":-2.4253149032592775,"y":-5.540160179138184,"z":1.1918898820877076},"rotation":{"x":-0.3186420202255249,"y":0.5926104187965393,"z":-0.27495312690734866,"w":-0.6868138313293457},"size":12.595129013061524,"orthographic":false}