{"cameraMode":{"drawMode":0,"name":"Shaded","section":"Shading Mode"},"sceneLighting":true,"audioPlay":false,"sceneViewState":{"showFog":true,"showMaterialUpdate":false,"showSkybox":true,"showFlares":true,"showImageEffects":true,"showParticleSystems":true},"in2DMode":false,"pivot":{"x":478.5660705566406,"y":244.45559692382813,"z":-82.125},"rotation":{"x":0.30551716685295107,"y":0.010280299931764603,"z":-0.003298623487353325,"w":0.952126145362854},"size":525.5814819335938,"orthographic":false}